"id","text","gold_standard","gpt5_label","gemini3_label","llama3_label","confidence_gpt5","confidence_gemini3","confidence_llama3","rationale_gpt5","rationale_gemini3","rationale_llama3","source"
"paper_ex_01","the irony of holding up environment budget negotiations over a rule to address air quality and climate change is nonsensical","support","support","support","support",0.88,0.85,0.71,"criticism of budget obstruction indicates support for climate policy","framing budget obstruction as nonsensical signals pro-climate stance","post mentions climate change and policy with critical tone","main.tex Table tab:example"
"paper_ex_02","whats going on in texas is unconscionable people are dying bc of the power outage winter storm due to home fires carbon monoxide poisoning big impact on bipoc communities this was preventable blaming wind turbines amp renewables is ridiculous","support","support","support","support",0.91,0.89,0.75,"defending renewables against blame for power outages indicates support for clean energy technology","rejecting renewable-blame narrative endorses clean energy","post mentions renewables and storm impact","main.tex Table tab:example"
"paper_ex_03","tell the army corps the kxl pipeline endangers the health of families and kids deny the 404 permit","support","support","support","support",0.83,0.81,0.69,"fossil pipeline opposition is a proxy cue; denying permit supports climate action","opposing fossil-fuel pipeline construction signals support for climate mitigation","post calls for permit denial on pipeline","main.tex Table tab:example"
"paper_ex_04","joe biden cant even earn our votes because his opinions are bought and paid for by the people supporting the policies we oppose fracking fossilfuels bigpharma biginsurance militaryindustrialcomplex to name a few","support","support","support","support",0.86,0.84,0.72,"explicitly listing fracking and fossil fuels as policies to oppose signals support for climate mitigation","naming fossil fuels as opposed policies indicates climate-supportive stance","post lists fossil fuels among opposed policies","main.tex Table tab:example"
"paper_ex_05","RT @RBReich: Joe Manchin, who has repeatedly blocked efforts to combat climate change, collects 500,000 a year from coal stocks dividends","support","support","support","opposing",0.84,0.82,0.62,"criticizing Manchin for blocking climate action signals support for climate policy","criticizing obstruction of climate efforts implies support for those efforts","proxy cues 'coal stocks' and 'blocks efforts' imply opposition","main.tex Table tab:example"
"syn_001","","opposing","support","opposing","support",0.61700620057527,0.815017467760481,0.421778717113193,"","","","synthetic"
"syn_002","","opposing","opposing","opposing","support",0.767703936772887,0.819305527710821,0.407914566493128,"","","","synthetic"
"syn_003","","support","support","support","support",0.932425994588993,0.734277057275176,0.926274457818363,"","","","synthetic"
"syn_004","","support","support","support","support",0.857427440804895,0.756874197267462,0.74084897559369,"","","","synthetic"
"syn_005","","opposing","opposing","opposing","opposing",0.779358710325323,0.873151201568544,0.850692602968775,"","","","synthetic"
"syn_006","","support","support","support","support",0.765545636112802,0.847272556845564,0.755640529782977,"","","","synthetic"
"syn_007","","support","support","support","support",0.909186447435059,0.907187685417011,0.911178170342464,"","","","synthetic"
"syn_008","","opposing","opposing","opposing","opposing",0.735770553455222,0.876540543558076,0.932763995998539,"","","","synthetic"
"syn_009","","support","support","support","support",0.708512299333233,0.862266683182679,0.846336990525015,"","","","synthetic"
"syn_010","","opposing","opposing","opposing","opposing",0.802805823669769,0.706941370142158,0.927680783893447,"","","","synthetic"
"syn_011","","support","support","support","opposing",0.799299081834033,0.861224135488737,0.454842791927513,"","","","synthetic"
"syn_012","","opposing","opposing","opposing","support",0.724987502081785,0.890457536606118,0.513002146128565,"","","","synthetic"
"syn_013","","support","opposing","support","support",0.417931542301085,0.840615711687133,0.931477446155623,"","","","synthetic"
"syn_014","","opposing","opposing","opposing","opposing",0.928577755973674,0.86265640076017,0.823862258333247,"","","","synthetic"
"syn_015","","support","support","support","opposing",0.777990582620259,0.900441069318913,0.497689252579585,"","","","synthetic"
"syn_016","","support","support","support","opposing",0.776092920091469,0.833496084657963,0.44794507328188,"","","","synthetic"
"syn_017","","support","support","support","opposing",0.735168465634342,0.724919318209868,0.413172095350456,"","","","synthetic"
"syn_018","","support","support","support","support",0.837906749267131,0.717738031107001,0.720954453095328,"","","","synthetic"
"syn_019","","support","support","support","support",0.861023714172188,0.919156204839237,0.762484229390975,"","","","synthetic"
"syn_020","","support","support","support","support",0.748336870677303,0.891729350073729,0.74898956650868,"","","","synthetic"
"syn_021","","support","support","support","support",0.922014571598265,0.745411757135298,0.879801177000627,"","","","synthetic"
"syn_022","","support","support","support","support",0.857603274856228,0.920890343131032,0.925090688851196,"","","","synthetic"
"syn_023","","support","support","support","support",0.777677110792138,0.85779598779045,0.784838270908222,"","","","synthetic"
"syn_024","","support","support","support","support",0.94080381722888,0.9175263009849,0.832265917374752,"","","","synthetic"
"syn_025","","support","support","support","opposing",0.802476699685212,0.895270605850965,0.593914549308829,"","","","synthetic"
"syn_026","","support","support","support","opposing",0.88703248782549,0.861386002146173,0.595644841238391,"","","","synthetic"
"syn_027","","support","support","support","support",0.73328614187194,0.848431491630617,0.858536804839969,"","","","synthetic"
"syn_028","","support","support","support","support",0.942330416222103,0.82669089139672,0.756607602164149,"","","","synthetic"
"syn_029","","support","support","support","opposing",0.910083593148738,0.714848822553176,0.481545820343308,"","","","synthetic"
"syn_030","","opposing","opposing","opposing","support",0.84366360421991,0.808530541416258,0.61476909914054,"","","","synthetic"
"syn_031","","opposing","opposing","opposing","opposing",0.878220924106426,0.827426002873108,0.937401261751074,"","","","synthetic"
"syn_032","","support","support","support","opposing",0.73688019909896,0.826228235953022,0.614172043662984,"","","","synthetic"
"syn_033","","opposing","opposing","opposing","opposing",0.714719022379722,0.857762462738901,0.78068906981498,"","","","synthetic"
"syn_034","","support","support","support","support",0.718480257014744,0.785738045570906,0.706572279322427,"","","","synthetic"
"syn_035","","opposing","opposing","opposing","support",0.932676743238699,0.909692239004653,0.465943132853135,"","","","synthetic"
"syn_036","","support","support","support","support",0.838910435547586,0.726881096244324,0.86798896715045,"","","","synthetic"
"syn_037","","support","support","support","support",0.730290123831946,0.8728986283415,0.737007742503192,"","","","synthetic"
"syn_038","","support","support","support","support",0.735420689324383,0.770060678408481,0.898640842107125,"","","","synthetic"
"syn_039","","opposing","opposing","support","opposing",0.736599167680833,0.411685225006659,0.829153152112849,"","","","synthetic"
"syn_040","","support","support","support","support",0.786740054248366,0.906055136746727,0.705623816221487,"","","","synthetic"
"syn_041","","support","support","support","support",0.717632825067267,0.91835413336521,0.783215280785225,"","","","synthetic"
"syn_042","","opposing","opposing","opposing","opposing",0.857212723162956,0.885965924756601,0.8019539826666,"","","","synthetic"
"syn_043","","support","support","opposing","support",0.729087287082802,0.411999560461845,0.869184026133735,"","","","synthetic"
"syn_044","","support","support","support","support",0.885812754905783,0.89508163142018,0.73746507113101,"","","","synthetic"
"syn_045","","support","support","support","support",0.79098195360275,0.767025811935309,0.802324419596698,"","","","synthetic"
